A,R,N,D,C,Q,E,G,H,I,L,K,M,F,P,S,T,W,Y,V
124.0,57.0,20.0,0.0,176.0,61.0,34.0,30.0,111.0,255.0,235.0,34.0,219.0,245.0,31.0,41.0,89.0,225.0,171.0,225.0
143.0,0.0,109.0,90.0,151.0,41.0,27.0,255.0,39.0,136.0,122.0,14.0,59.0,92.0,184.0,166.0,148.0,36.0,79.0,159.0
255.0,107.0,69.0,111.0,41.0,127.0,217.0,112.0,70.0,143.0,216.0,160.0,139.0,81.0,9.0,120.0,117.0,2.0,0.0,172.0
131.0,105.0,153.0,141.0,255.0,128.0,118.0,141.0,163.0,87.0,75.0,92.0,165.0,101.0,0.0,142.0,129.0,112.0,87.0,109.0
159.0,0.0,80.0,175.0,173.0,119.0,210.0,36.0,115.0,78.0,118.0,46.0,192.0,114.0,255.0,68.0,63.0,150.0,24.0,56.0
138.0,16.0,184.0,207.0,0.0,77.0,160.0,255.0,119.0,101.0,153.0,97.0,123.0,178.0,20.0,94.0,41.0,233.0,165.0,43.0
36.0,74.0,113.0,255.0,112.0,81.0,197.0,2.0,19.0,167.0,71.0,10.0,0.0,95.0,49.0,105.0,158.0,81.0,170.0,184.0
89.0,40.0,173.0,105.0,8.0,111.0,72.0,43.0,254.0,115.0,96.0,40.0,150.0,155.0,107.0,143.0,148.0,0.0,109.0,107.0
139.0,30.0,39.0,44.0,2.0,128.0,23.0,3.0,0.0,0.0,52.0,42.0,91.0,50.0,40.0,202.0,255.0,218.0,48.0,34.0
97.0,0.0,235.0,104.0,174.0,149.0,84.0,44.0,60.0,133.0,202.0,255.0,98.0,113.0,119.0,166.0,90.0,98.0,152.0,92.0
71.0,67.0,102.0,106.0,70.0,253.0,103.0,160.0,5.0,171.0,0.0,115.0,255.0,96.0,106.0,70.0,102.0,59.0,156.0,125.0
